0,"[['反五輕'], ['環境'], ['產業'], ['政治', '政策'], ['書評'], ['六輕']]"
1,"[['出版'], ['法國'], ['書評']]"
10,"[['書評'], ['閱讀']]"
100,[['書評']]
101,"[['同志', '家庭'], ['同性', '戀'], ['書評']]"
102,"[['轉型', '正義'], ['政治', '政策']]"
103,"[['台南'], ['身心', '障礙者']]"
104,[['書評']]
105,"[['高雄'], ['政治', '政策'], ['藝術']]"
106,"[['社運'], ['能源'], ['核電']]"
107,"[['動物', '保護'], ['書評']]"
108,"[['醫療'], ['書評']]"
109,"[['日本'], ['災後', '重建'], ['高齡', '老人'], ['書評'], ['長', '照']]"
11,"[['醫療'], ['科學'], ['精神疾病']]"
110,"[['安樂死'], ['書評']]"
111,"[['紀錄片'], ['中國'], ['人權'], ['電影'], ['Chinese', '-', 'English', ' ', 'stories']]"
112,"[['新媒體', '充電站'], ['書評'], ['德國']]"
113,[['書評']]
114,"[['安樂死'], ['高齡', '老人'], ['書評']]"
115,"[['貧富', '差距'], ['教育'], ['政治', '政策']]"
116,"[['出版'], ['書評']]"
117,"[['台東'], ['貧富', '差距'], ['教育'], ['政治', '政策'], ['兒童']]"
118,[['書評']]
119,"[['災後', '重建'], ['政治', '政策'], ['農業'], ['防災']]"
12,"[['體育'], ['性別', '平權'], ['書評']]"
120,[['書評']]
121,"[['醫療'], ['司法'], ['建築'], ['長', '照']]"
122,[['書評']]
123,[['書評']]
124,"[['醫療'], ['人權'], ['司法']]"
125,"[['環境'], ['核電']]"
126,[['書評']]
127,"[['血汗', '勞工'], ['醫療'], ['勞權'], ['政治', '政策'], ['精神疾病']]"
128,"[['原住民'], ['教育']]"
129,"[['中國'], ['選舉'], ['產業'], ['美國'], ['川普'], ['農業']]"
13,"[['醫療'], ['司法'], ['精神疾病']]"
130,"[['電影'], ['書評']]"
131,"[['中國'], ['性別', '平權'], ['性侵']]"
132,"[['香港'], ['電影'], ['澳門']]"
133,"[['台', '中'], ['體育'], ['中國'], ['政治', '政策']]"
134,"[['台東'], ['書評']]"
135,"[['新竹'], ['教育'], ['政治', '政策'], ['兒童'], ['育兒']]"
136,"[['環境'], ['六輕']]"
137,[['書評']]
138,"[['血汗', '勞工'], ['人權'], ['產業'], ['移工'], ['政治', '政策'], ['海洋'], ['漁業']]"
139,"[['花蓮'], ['教育'], ['書評']]"
14,"[['醫療'], ['隨機', '殺', '人'], ['精神疾病'], ['自殺'], ['社群', '媒體']]"
140,[['書評']]
141,"[['原住民'], ['電影']]"
142,"[['出版'], ['日本'], ['書評']]"
143,"[['政治', '政策'], ['韓國']]"
144,[['書評']]
145,"[['醫療'], ['政治', '政策'], ['兒童']]"
146,[['台東']]
147,"[['台東'], ['文化', '資產'], ['電影']]"
148,[['書評']]
149,"[['日本'], ['食安'], ['海洋'], ['漁業'], ['食物']]"
15,[['書評']]
150,"[['外交'], ['美國'], ['新加坡'], ['川普'], ['朝鮮'], ['北韓']]"
151,"[['足球'], ['世界', '盃']]"
152,"[['足球'], ['世界', '盃']]"
153,"[['體育'], ['棒球'], ['足球'], ['世界', '盃']]"
154,"[['體育'], ['足球'], ['世界', '盃']]"
155,[['書評']]
156,"[['醫療'], ['外交']]"
157,[['書評']]
158,"[['台東'], ['書評']]"
159,[['書評']]
16,"[['醫療'], ['司法'], ['隨機', '殺', '人'], ['精神疾病']]"
160,"[['難民'], ['ISIS'], ['敘利亞'], ['伊拉克'], ['中東']]"
161,"[['教育'], ['性別', '平權']]"
162,[['書評']]
163,"[['司法'], ['身心', '障礙者']]"
164,"[['選舉'], ['馬', '來', '西亞']]"
165,"[['選舉'], ['馬', '來', '西亞']]"
166,[['書評']]
167,[['書評']]
168,"[['勞權'], ['政治', '政策'], ['高齡', '老人']]"
169,"[['消防', '員'], ['防災']]"
17,"[['醫療'], ['司法'], ['隨機', '殺', '人'], ['死刑'], ['精神疾病']]"
170,"[['ISIS'], ['性侵'], ['中東']]"
171,"[['人權'], ['ISIS'], ['性侵'], ['書評']]"
172,[['書評']]
173,"[['醫療'], ['台東'], ['政治', '政策'], ['公務員']]"
174,"[['日本'], ['書評']]"
175,"[['導演'], ['電影'], ['藝術']]"
176,[['書評']]
177,"[['教育'], ['科學'], ['科技']]"
178,"[['血汗', '勞工'], ['勞權'], ['移工'], ['日本']]"
179,"[['醫療'], ['教育'], ['政治', '政策'], ['兒童'], ['育兒']]"
18,"[['醫療'], ['精神疾病']]"
180,"[['澎湖'], ['書評'], ['海洋']]"
181,"[['時事'], ['建築']]"
182,[['書評']]
183,"[['能源'], ['政治', '政策']]"
184,"[['人權'], ['司法'], ['身心', '障礙者'], ['性侵']]"
185,[['書評']]
186,"[['中國'], ['印度'], ['歐洲'], ['緬甸'], ['書評'], ['土耳其']]"
187,"[['高雄'], ['體育'], ['教育'], ['性侵']]"
188,"[['司法'], ['性別', '平權']]"
189,"[['韓國'], ['書評']]"
19,"[['醫療'], ['司法'], ['政治', '政策'], ['器官移植'], ['德國']]"
190,"[['人權'], ['德國']]"
191,"[['人權'], ['時事'], ['司法']]"
192,[['書評']]
193,[['書評']]
194,"[['中國'], ['兩岸']]"
195,[['書評']]
196,"[['白色恐怖'], ['原住民'], ['音樂', '創作']]"
197,"[['醫療'], ['日本']]"
198,"[['人權'], ['兒童', '虐待'], ['安置', '機構'], ['社工']]"
199,"[['兒童', '虐待'], ['安置', '機構']]"
2,"[['教育'], ['韓國'], ['兒童', '虐待'], ['書評'], ['兒童'], ['育兒'], ['家庭']]"
20,"[['香港'], ['中國']]"
200,[['醫療']]
201,[['書評']]
202,"[['地震'], ['花蓮'], ['政治', '政策']]"
203,"[['德國'], ['藝術']]"
204,"[['電影'], ['解嚴']]"
205,[['書評']]
206,"[['政治', '政策'], ['長', '照']]"
207,"[['司法'], ['電影']]"
208,"[['科學'], ['六輕']]"
209,[['書評']]
21,"[['中國'], ['ISIS'], ['政治', '政策'], ['社群', '媒體'], ['假訊息'], ['俄羅斯']]"
210,[['書評']]
211,[['農業']]
212,[['書評']]
213,"[['血汗', '勞工'], ['勞權'], ['政治', '政策']]"
214,"[['書評'], ['農業']]"
215,"[['環境'], ['書評'], ['海洋']]"
216,"[['紀錄片'], ['環境'], ['書評']]"
217,[['書評']]
218,"[['基本', '收入'], ['政治', '政策']]"
219,"[['時事'], ['教育'], ['美國']]"
22,"[['出版'], ['書評']]"
220,"[['醫療'], ['政治', '政策'], ['長', '照']]"
221,"[['難民'], ['ISIS'], ['書評'], ['中東']]"
222,[['書評']]
223,"[['選舉'], ['立委'], ['政治', '政策']]"
224,"[['書評'], ['德國']]"
225,"[['教育'], ['安置', '機構']]"
226,"[['能源'], ['書評'], ['核電']]"
227,[]
228,[['書評']]
229,"[['教育'], ['兒童', '虐待'], ['安置', '機構']]"
23,"[['勞權'], ['美國'], ['性別', '平權'], ['書評'], ['育兒']]"
230,[['醫療']]
231,[['書評']]
232,"[['人權'], ['兒童', '虐待']]"
233,"[['中國'], ['兩岸']]"
234,"[['勞權'], ['土地', '污染']]"
235,[['書評']]
236,[['勞權']]
237,[['書評']]
238,"[['澎湖'], ['書評']]"
239,"[['勞權'], ['政治', '政策'], ['兒童', '虐待']]"
24,"[['性別', '平權'], ['書評']]"
240,"[['兒童', '虐待'], ['性侵'], ['社工']]"
241,"[['環境'], ['花蓮']]"
242,[['書評']]
243,"[['花蓮'], ['政治', '政策']]"
244,[['書評']]
245,"[['金門'], ['觀光'], ['公投']]"
246,"[['性別', '平權']]"
247,"[['中國'], ['兩岸']]"
248,"[['血汗', '勞工'], ['醫療'], ['勞權'], ['職業', '災害']]"
249,"[['音樂', '創作']]"
25,"[['反五輕'], ['環境'], ['產業'], ['科學'], ['書評'], ['六輕']]"
250,"[['日本'], ['書評']]"
251,"[['紀錄片'], ['電影']]"
252,"[['醫療'], ['高齡', '老人']]"
253,"[['血汗', '勞工'], ['醫療']]"
254,[['書評']]
255,"[['書評'], ['石黑', '一雄']]"
256,"[['歐洲'], ['外交'], ['政治', '政策'], ['公投']]"
257,"[['美國'], ['槍枝', '管制']]"
258,[['書評']]
259,"[['政治', '政策'], ['颱', '風']]"
26,"[['美國'], ['歐巴馬'], ['書評']]"
260,[['書評']]
261,"[['人權'], ['司法'], ['兩岸']]"
262,"[['人權'], ['司法'], ['兩岸']]"
263,"[['體育'], ['政治', '政策']]"
264,"[['書評'], ['石黑', '一雄']]"
265,"[['政治', '政策'], ['兩岸'], ['海洋']]"
266,"[['紀錄片'], ['居住', '正義']]"
267,"[['人權'], ['英國']]"
268,[['書評']]
269,"[['貧富', '差距']]"
27,[['書評']]
270,"[['人權'], ['時事'], ['貧富', '差距']]"
271,[['體育']]
272,"[['勞權'], ['司法']]"
273,"[['中國'], ['人權'], ['印度'], ['達賴', '喇嘛'], ['Tibet']]"
274,"[['日本'], ['書評']]"
275,"[['空氣', '污染'], ['居住', '正義']]"
276,"[['318', '學運'], ['書評'], ['烏克蘭']]"
277,"[['音樂', '創作'], ['書評']]"
278,"[['體育'], ['政治', '政策']]"
279,"[['體育'], ['政治', '政策']]"
28,"[['中國'], ['政治', '政策'], ['書評'], ['經濟']]"
280,"[['醫療'], ['政治', '政策']]"
281,"[['體育'], ['原住民'], ['世大運']]"
282,[['書評']]
283,"[['香港'], ['人權']]"
284,"[['美國'], ['川普']]"
285,[['書評']]
286,"[['人權'], ['美國'], ['性別', '平權']]"
287,"[['醫療'], ['英國']]"
288,[['書評']]
289,"[['司法'], ['性別', '平權']]"
29,"[['中國'], ['外交'], ['政治', '政策'], ['美國'], ['書評'], ['社群', '媒體']]"
290,[['日本']]
291,"[['兩岸'], ['書評']]"
292,"[['貧富', '差距'], ['韓國']]"
293,"[['血汗', '勞工'], ['勞權']]"
294,"[['消防', '員']]"
295,[['書評']]
296,"[['白色恐怖'], ['解嚴']]"
297,[['解嚴']]
298,[['人權']]
299,[['書評']]
3,"[['導演'], ['日本'], ['政治', '政策'], ['土地', '污染'], ['書評']]"
30,"[['時事'], ['日本'], ['外交']]"
300,"[['人權'], ['移工']]"
301,"[['環境'], ['空氣', '污染']]"
302,"[['轉型', '正義'], ['解嚴']]"
303,[['解嚴']]
304,[['書評']]
305,[['解嚴']]
306,[['解嚴']]
307,"[['政治', '政策'], ['前瞻']]"
308,"[['導演'], ['香港'], ['電影'], ['金馬獎']]"
309,"[['白色恐怖'], ['解嚴']]"
31,"[['出版'], ['書評']]"
310,"[['時事'], ['登山', '健行']]"
311,"[['美國'], ['川普']]"
312,[['解嚴']]
313,[['書評']]
314,[['解嚴']]
315,"[['日本'], ['教育'], ['育兒']]"
316,"[['醫療'], ['時事']]"
317,[['解嚴']]
318,[['書評']]
319,[['解嚴']]
32,"[['中國'], ['政治', '政策'], ['民進', '黨'], ['兩岸'], ['認同'], ['國民黨'], ['經濟']]"
320,[['書評']]
321,"[['台南'], ['移工']]"
322,"[['難民'], ['恐怖', '攻擊'], ['英國']]"
323,[['解嚴']]
324,[['書評']]
325,"[['白色恐怖'], ['解嚴']]"
326,[['解嚴']]
327,"[['兒童', '虐待'], ['性侵'], ['安置', '機構'], ['社工']]"
328,[['書評']]
329,"[['都', '更'], ['居住', '正義']]"
33,"[['動物', '保護'], ['海洋']]"
330,[['書評']]
331,[['花蓮']]
332,"[['日本'], ['食物']]"
333,[['教育']]
334,[['書評']]
335,"[['時事'], ['兩岸']]"
336,"[['司法'], ['性別', '平權'], ['性侵']]"
337,"[['性別', '平權'], ['性侵']]"
338,"[['澎湖'], ['書評']]"
339,"[['血汗', '勞工'], ['人權'], ['勞權'], ['產業'], ['漁業']]"
34,"[['中國'], ['政治', '政策'], ['達賴', '喇嘛'], ['Tibet']]"
340,"[['政治', '政策'], ['性別', '平權'], ['育兒']]"
341,"[['性別', '平權'], ['身心', '障礙者']]"
342,"[['教育'], ['政治', '政策'], ['育兒']]"
343,[['書評']]
344,"[['政治', '政策'], ['法國']]"
345,"[['導演'], ['電影']]"
346,[['書評']]
347,[['人權']]
348,[['書評']]
349,"[['同性', '戀'], ['婚姻', '平權']]"
35,"[['動物', '保護'], ['登山', '健行'], ['書評']]"
350,"[['同志', '家庭'], ['同性', '戀'], ['性別', '平權'], ['性侵']]"
351,[['書評']]
352,"[['選舉'], ['歐洲'], ['法國']]"
353,"[['台東'], ['文化', '資產'], ['拆遷']]"
354,"[['中國'], ['人權']]"
355,[['教育']]
356,"[['原住民'], ['書評']]"
357,"[['紀錄片'], ['血汗', '勞工'], ['人權'], ['移工']]"
358,"[['新媒體', '充電站'], ['日本']]"
359,"[['出版'], ['書評']]"
36,"[['移工'], ['教育'], ['政治', '政策'], ['東南亞']]"
360,"[['勞權'], ['司法']]"
361,"[['都', '更'], ['政治', '政策'], ['財政']]"
362,"[['同性', '戀'], ['教育']]"
363,[['書評']]
364,"[['歐洲'], ['政治', '政策'], ['英國']]"
365,"[['醫療'], ['政治', '政策'], ['高齡', '老人'], ['長', '照']]"
366,"[['中國'], ['產業'], ['政治', '政策'], ['兩岸']]"
367,"[['香港'], ['中國'], ['政府', '國會']]"
368,[['書評']]
369,[['棒球']]
37,"[['中國'], ['美國'], ['書評']]"
370,"[['原住民'], ['傳統', '領域']]"
371,[['書評']]
372,"[['都', '更'], ['政治', '政策']]"
373,"[['政治', '政策'], ['318', '學運']]"
374,[['醫療']]
375,"[['紀錄片'], ['政治', '政策'], ['兩岸']]"
376,"[['轉型', '正義'], ['原住民'], ['時事'], ['政治', '政策'], ['傳統', '領域']]"
377,"[['轉型', '正義'], ['原住民'], ['時事'], ['政治', '政策'], ['傳統', '領域']]"
378,"[['日本'], ['人工智慧']]"
379,[['書評']]
38,"[['原住民'], ['文化', '資產'], ['書評']]"
380,"[['血汗', '勞工'], ['時事'], ['教育']]"
381,"[['醫療'], ['時事']]"
382,[['書評']]
383,"[['貧富', '差距'], ['基本', '收入'], ['年', '金', '改革']]"
384,"[['時事'], ['年', '金', '改革'], ['公務員']]"
385,"[['轉型', '正義'], ['原住民'], ['時事'], ['傳統', '領域']]"
386,"[['遊戲'], ['書評']]"
387,"[['轉型', '正義'], ['原住民'], ['傳統', '領域']]"
388,"[['血汗', '勞工'], ['時事'], ['教育']]"
389,"[['時事'], ['美國'], ['川普']]"
39,"[['金門'], ['教育'], ['文化', '資產'], ['新加坡'], ['拆遷']]"
390,[['書評']]
391,"[['血汗', '勞工'], ['勞權']]"
392,"[['血汗', '勞工'], ['勞權'], ['產業'], ['觀光']]"
393,"[['血汗', '勞工'], ['勞權'], ['產業'], ['時事'], ['交通']]"
394,[['書評']]
395,[['書評']]
396,"[['人權'], ['時事'], ['美國'], ['川普']]"
397,"[['轉型', '正義'], ['人權'], ['時事'], ['憲法'], ['遊戲']]"
398,"[['轉型', '正義'], ['人權'], ['時事'], ['憲法'], ['遊戲']]"
399,"[['勞權'], ['年', '金', '改革'], ['財政']]"
4,"[['出版'], ['書評']]"
40,"[['產業'], ['書評']]"
400,"[['街友', '（', 'Homeless', '）'], ['書評']]"
401,"[['人權'], ['基本', '收入'], ['政治', '政策']]"
402,[['書評']]
403,"[['時事'], ['年', '金', '改革']]"
404,"[['日本'], ['海洋'], ['漁業'], ['食物']]"
405,"[['勞權'], ['時事'], ['政治', '政策']]"
406,"[['動物', '保護'], ['書評']]"
407,"[['轉型', '正義'], ['原住民'], ['蔡', '英文']]"
408,"[['血汗', '勞工'], ['醫療'], ['政治', '政策'], ['長', '照']]"
409,[['書評']]
41,"[['台南'], ['文化', '資產'], ['拆遷']]"
410,"[['日本'], ['書評']]"
411,"[['同性', '戀'], ['時事'], ['性別', '平權'], ['皮克斯']]"
412,"[['血汗', '勞工'], ['人權'], ['產業'], ['移工'], ['海洋'], ['漁業']]"
413,[['書評']]
414,"[['恐怖', '攻擊'], ['美國'], ['電影']]"
415,"[['原住民'], ['政治', '政策']]"
416,"[['中國'], ['外交'], ['韓國'], ['美國', '總統', '大選']]"
417,"[['中國'], ['外交'], ['川普']]"
418,[['書評']]
419,"[['同志', '家庭'], ['同性', '戀'], ['電影'], ['性侵']]"
42,"[['台', '中'], ['書評'], ['閱讀']]"
420,"[['出版'], ['沖', '繩']]"
421,"[['勞權'], ['時事'], ['政治', '政策']]"
422,"[['花蓮'], ['傅', '?', '萁']]"
423,"[['香港'], ['中國'], ['時事'], ['司法']]"
424,"[['花蓮'], ['傅', '?', '萁']]"
425,[['書評']]
426,"[['美國'], ['美國', '總統', '大選'], ['川普']]"
427,[['時事']]
428,[['書評']]
429,[['時事']]
43,"[['勞權'], ['司法'], ['社運'], ['教育'], ['罷工']]"
430,"[['同志', '家庭'], ['同性', '戀'], ['人權']]"
431,[['書評']]
432,[['印度']]
433,"[['日本'], ['福島'], ['食安']]"
434,"[['紀錄片'], ['電影']]"
435,"[['中國'], ['時事'], ['政治', '政策'], ['觀光']]"
436,[['書評']]
437,"[['美國', '總統', '大選'], ['歐巴馬'], ['希拉', '蕊'], ['川普']]"
438,"[['美國', '總統', '大選'], ['希拉', '蕊'], ['川普']]"
439,"[['香港'], ['中國'], ['政府', '國會']]"
44,"[['書評'], ['農業'], ['食物']]"
440,"[['時事'], ['政治', '政策'], ['韓國']]"
441,"[['時事'], ['政治', '政策'], ['韓國']]"
442,"[['時事'], ['美國'], ['美國', '總統', '大選'], ['川普']]"
443,"[['日本'], ['棒球']]"
444,"[['教育'], ['美國']]"
445,"[['音樂', '創作'], ['巴布', '狄倫'], ['鍾', '永豐']]"
446,"[['諾貝爾獎'], ['巴布', '狄倫']]"
447,"[['血汗', '勞工'], ['勞權'], ['時事'], ['日本']]"
448,"[['政府', '國會'], ['政治', '政策'], ['公務員']]"
449,"[['政治', '政策'], ['美國'], ['公務員']]"
45,"[['醫療'], ['勞權']]"
450,"[['時事'], ['政治', '政策'], ['新加坡'], ['澎湖']]"
451,"[['時事'], ['泰國']]"
452,"[['血汗', '勞工'], ['勞權'], ['時事'], ['交通']]"
453,"[['環境'], ['原住民'], ['登山', '健行']]"
454,"[['難民'], ['緬甸'], ['志工'], ['克倫族'], ['泰國']]"
455,"[['2016', '總統', '大選'], ['時事'], ['美國'], ['美國', '總統', '大選'], ['希拉', '蕊']]"
456,"[['醫療'], ['時事'], ['美國'], ['科學']]"
457,"[['難民'], ['美國'], ['美國', '總統', '大選'], ['川普']]"
458,"[['血汗', '勞工'], ['勞權'], ['時事'], ['颱', '風'], ['交通']]"
459,"[['時事'], ['柯文', '哲'], ['世大運']]"
46,"[['書評'], ['德國']]"
460,"[['選舉'], ['時事'], ['美國'], ['美國', '總統', '大選'], ['川普']]"
461,"[['紀錄片'], ['環境'], ['空氣', '污染']]"
462,"[['寶可夢'], ['遊戲']]"
463,"[['高雄'], ['都', '更'], ['居住', '正義'], ['拆遷']]"
464,"[['台', '中'], ['都', '更'], ['台鐵']]"
465,"[['香港'], ['中國'], ['時事']]"
466,"[['環境'], ['金門'], ['時事']]"
467,"[['原住民'], ['時事']]"
468,[['日本']]
469,"[['同性', '戀'], ['人權'], ['憲法'], ['愛滋病']]"
47,"[['移工'], ['教育'], ['法國'], ['書評'], ['育兒']]"
470,"[['原住民'], ['時事']]"
471,"[['時事'], ['動物', '保護']]"
472,"[['香港'], ['選舉'], ['時事']]"
473,"[['恐怖', '攻擊'], ['音樂', '創作'], ['宗教']]"
474,"[['香港'], ['選舉'], ['時事']]"
475,[['時事']]
476,"[['時事'], ['年', '金', '改革']]"
477,"[['環境'], ['時事'], ['教育'], ['六輕']]"
478,"[['環境'], ['六輕']]"
479,[['電影']]
48,"[['環境'], ['體育'], ['書評']]"
480,"[['環境'], ['花蓮']]"
481,"[['寶可夢'], ['遊戲']]"
482,"[['時事'], ['寶可夢'], ['遊戲']]"
483,"[['動物', '保護']]"
484,"[['中國'], ['時事']]"
485,"[['印度'], ['稅制']]"
486,"[['教育'], ['寶可夢'], ['遊戲']]"
487,"[['台', '中'], ['移工']]"
488,"[['司法'], ['蔡', '英文'], ['隨機', '殺', '人']]"
489,[['日本']]
49,"[['政治', '政策'], ['美國'], ['書評']]"
490,"[['時事'], ['日本']]"
491,"[['時事'], ['UBER'], ['計程車'], ['共享', '經濟']]"
492,"[['環境'], ['出版']]"
493,"[['轉型', '正義'], ['原住民']]"
494,"[['體育'], ['實驗', '教育']]"
495,"[['轉型', '正義'], ['原住民'], ['蔡', '英文']]"
496,"[['血汗', '勞工'], ['醫療']]"
497,"[['人權'], ['勞權'], ['移工'], ['社工']]"
498,"[['2016', '總統', '大選'], ['美國'], ['美國', '總統', '大選'], ['川普']]"
499,"[['時事'], ['恐怖', '攻擊'], ['ISIS']]"
5,"[['人權'], ['性別', '平權'], ['書評']]"
50,"[['移工'], ['教育'], ['東南亞']]"
500,[]
501,"[['中國'], ['勞權'], ['產業'], ['時事']]"
502,"[['血汗', '勞工'], ['中國'], ['產業'], ['時事']]"
503,[['台東']]
504,[['時事']]
505,"[['中國'], ['人權']]"
506,"[['中國'], ['人權'], ['時事']]"
507,"[['醫療'], ['人權'], ['時事']]"
508,"[['環境'], ['台東'], ['原住民']]"
509,"[['出版'], ['隨機', '殺', '人'], ['死刑']]"
51,[['書評']]
510,"[['紀錄片'], ['點歌', '時光'], ['戲劇']]"
511,"[['勞權'], ['時事'], ['移工']]"
512,"[['出版'], ['產業']]"
513,"[['出版'], ['產業']]"
514,"[['出版'], ['產業']]"
515,"[['出版'], ['產業']]"
516,"[['時事'], ['政治', '政策']]"
517,"[['歐洲'], ['英國']]"
518,"[['時事'], ['司法']]"
519,[['時事']]
52,[['書評']]
520,"[['歐洲'], ['英國']]"
521,"[['歐洲'], ['英國']]"
522,"[['血汗', '勞工'], ['人權'], ['勞權']]"
523,"[['中國'], ['教育'], ['兩岸']]"
524,"[['移工'], ['教育']]"
525,"[['勞權'], ['社運'], ['交通'], ['罷工']]"
526,"[['新媒體', '充電站']]"
527,"[['出版'], ['日本']]"
528,"[['體育'], ['日本'], ['棒球']]"
529,"[['恐怖', '攻擊'], ['美國'], ['槍枝', '管制']]"
53,"[['醫療'], ['產業'], ['司法']]"
530,"[['政府', '國會'], ['開放', '政府']]"
531,"[['出版'], ['日本']]"
532,"[['勞權'], ['年', '金', '改革'], ['財政']]"
533,"[['勞權'], ['時事'], ['恐怖', '攻擊'], ['歐洲']]"
534,"[['日本'], ['電影']]"
535,"[['中國'], ['人權']]"
536,"[['街友', '（', 'Homeless', '）']]"
537,"[['人權'], ['教育'], ['性別', '平權']]"
538,[['教育']]
539,"[['性別', '平權']]"
54,[['書評']]
540,[['性侵']]
541,"[['香港'], ['戲劇'], ['政治', '政策']]"
542,"[['新媒體', '充電站']]"
543,"[['動物', '保護']]"
544,"[['文化', '資產']]"
545,"[['中國'], ['政治', '政策']]"
546,"[['產業'], ['時事'], ['政府', '國會'], ['蔡', '英文']]"
547,"[['綠色', '小組'], ['紀錄片'], ['產業'], ['tidf']]"
548,[['時事']]
549,"[['產業'], ['時事'], ['政府', '國會'], ['外交']]"
55,"[['醫療'], ['教育'], ['兒童', '虐待'], ['書評'], ['兒童'], ['社工']]"
550,"[['時事'], ['蔡', '英文']]"
551,"[['環境'], ['時事'], ['政府', '國會'], ['蔡', '英文']]"
552,"[['時事'], ['司法'], ['蔡', '英文']]"
553,"[['社會', '企業']]"
554,"[['綠色', '小組'], ['紀錄片'], ['tidf']]"
555,[['原住民']]
556,"[['轉型', '正義']]"
557,"[['中國'], ['2016', '總統', '大選'], ['政府', '國會'], ['政治', '政策'], ['蔡', '英文']]"
558,"[['產業'], ['政府', '國會'], ['蔡', '英文']]"
559,[]
56,"[['人權'], ['歐洲'], ['藝術']]"
560,[]
561,"[['教育'], ['法國']]"
562,"[['時事'], ['隨機', '殺', '人']]"
563,[]
564,"[['時事'], ['司法'], ['隨機', '殺', '人'], ['死刑']]"
565,"[['日本'], ['電影']]"
566,"[['時事'], ['科技']]"
567,"[['杜特蒂', '（', 'Rodrigo', ' ', 'Duterte', '）'], ['選舉'], ['菲律賓']]"
568,"[['綠色', '小組'], ['紀錄片'], ['tidf']]"
569,[['鄭性澤']]
57,"[['環境'], ['災後', '重建'], ['書評'], ['防災']]"
570,"[['杜特蒂', '（', 'Rodrigo', ' ', 'Duterte', '）'], ['選舉'], ['菲律賓']]"
571,[['韓國']]
572,[['鄭性澤']]
573,[]
574,"[['都', '更']]"
575,"[['地震'], ['日本'], ['外交']]"
576,"[['點歌', '時光'], ['英國']]"
577,"[['環境'], ['地震'], ['日本'], ['防災']]"
578,"[['中國'], ['人權'], ['時事'], ['司法']]"
579,"[['中國'], ['人權'], ['司法'], ['外交']]"
58,[['書評']]
580,"[['環境'], ['花蓮']]"
581,"[['時事'], ['教育']]"
582,"[['點歌', '時光']]"
583,"[['時事'], ['性別', '平權']]"
584,"[['時事'], ['隨機', '殺', '人']]"
585,"[['香港'], ['電影']]"
586,"[['攝影', '論壇']]"
587,"[['美國'], ['美國', '總統', '大選'], ['川普']]"
588,[]
589,"[['時事'], ['精神疾病']]"
59,[['教育']]
590,"[['時事'], ['隨機', '殺', '人']]"
591,"[['韓國'], ['性別', '平權']]"
592,"[['中國'], ['政治', '政策']]"
593,"[['日本'], ['政治', '政策'], ['民進', '黨']]"
594,"[['點歌', '時光'], ['高中生'], ['教育']]"
595,"[['政治', '政策'], ['318', '學運']]"
596,"[['香港'], ['政治', '政策'], ['黃', '之鋒']]"
597,[]
598,"[['教育'], ['皮克斯']]"
599,"[['點歌', '時光'], ['電影']]"
6,"[['勞權'], ['司法'], ['政治', '政策'], ['職業', '災害']]"
60,[['教育']]
600,"[['環境'], ['時事'], ['日本']]"
601,"[['轉型', '正義'], ['美國']]"
602,"[['時事'], ['新加坡']]"
603,"[['難民'], ['時事'], ['歐洲']]"
604,[['中國']]
605,"[['美國'], ['美國', '總統', '大選'], ['希拉', '蕊'], ['川普']]"
606,"[['中國'], ['政治', '政策']]"
607,"[['時事'], ['美國'], ['電影']]"
608,"[['出版'], ['時事'], ['日本'], ['長', '照']]"
609,"[['日本'], ['228'], ['沖', '繩']]"
61,[]
610,"[['環境'], ['電影']]"
611,"[['時事'], ['政府', '國會']]"
612,[['美國']]
613,"[['時事'], ['政府', '國會']]"
614,"[['時事'], ['文化', '資產']]"
615,"[['原住民'], ['能源'], ['電影'], ['核電']]"
616,"[['地震'], ['台南'], ['災後', '重建']]"
617,[['時事']]
618,"[['中國'], ['政治', '政策'], ['兩岸']]"
619,"[['美國'], ['美國', '總統', '大選'], ['歐巴馬'], ['川普']]"
62,"[['難民'], ['選舉'], ['德國']]"
620,"[['反五輕'], ['環境'], ['空氣', '污染'], ['林生祥'], ['音樂', '創作']]"
621,"[['香港'], ['時事']]"
622,"[['台南'], ['都', '更'], ['時事'], ['居住', '正義']]"
623,"[['地震'], ['災後', '重建'], ['防災']]"
624,"[['香港'], ['時事'], ['黃', '之鋒']]"
625,"[['地震'], ['日本'], ['災後', '重建'], ['防災']]"
626,"[['點歌', '時光'], ['柏林'], ['洪堡', '論壇'], ['博物', '館']]"
627,[]
628,[['產業']]
629,"[['2016', '總統', '大選'], ['性別', '平權'], ['蔡', '英文']]"
63,"[['新媒體', '充電站']]"
630,"[['2016', '總統', '大選'], ['日本']]"
631,"[['中國'], ['時事'], ['兩岸']]"
632,"[['時事'], ['性別', '平權']]"
633,[['時事']]
634,"[['環境'], ['爐碴'], ['cop21']]"
635,"[['時事'], ['228'], ['柯文', '哲'], ['文化', '資產']]"
636,"[['美國'], ['麥當勞'], ['大數據']]"
637,"[['白色恐怖'], ['戲劇'], ['228']]"
638,"[['點歌', '時光'], ['教育']]"
639,"[['新媒體', '充電站'], ['遊戲']]"
64,"[['教育'], ['書評']]"
640,"[['恐怖', '攻擊'], ['ISIS'], ['土耳其']]"
641,"[['產業'], ['TPP']]"
642,"[['2016', '總統', '大選'], ['周子', '瑜']]"
643,"[['2016', '總統', '大選'], ['蔡', '英文']]"
644,"[['2016', '總統', '大選'], ['性別', '平權'], ['蔡', '英文']]"
645,"[['中國'], ['周子', '瑜'], ['被', '道歉'], ['兩岸'], ['認同']]"
646,"[['香港'], ['中國'], ['周子', '瑜'], ['被', '道歉'], ['認同']]"
647,"[['中國'], ['韓國'], ['周子', '瑜'], ['被', '道歉']]"
648,"[['2016', '總統', '大選'], ['政治', '政策'], ['蔡', '英文']]"
649,"[['中國'], ['兩岸']]"
65,"[['書評'], ['宗教']]"
650,"[['歐洲'], ['政治', '政策']]"
651,"[['選舉'], ['228']]"
652,[['電影']]
653,"[['政治', '政策'], ['博物', '館']]"
654,"[['環境'], ['2016', '總統', '大選'], ['空氣', '污染'], ['能源'], ['核電']]"
655,"[['時事'], ['日本']]"
656,"[['2016', '總統', '大選'], ['點歌', '時光']]"
657,[['選舉']]
658,"[['香港'], ['中國'], ['被', '道歉']]"
659,"[['環境'], ['時事'], ['能源'], ['cop21']]"
66,"[['產業'], ['政治', '政策'], ['農業'], ['防災']]"
660,"[['紀錄片'], ['環境'], ['海洋']]"
661,"[['體育'], ['時事']]"
662,"[['新媒體', '充電站'], ['社運'], ['開放', '政府']]"
663,[['電影']]
664,[['時事']]
665,"[['選舉'], ['美國'], ['美國', '總統', '大選'], ['川普']]"
666,[['電影']]
667,"[['台南'], ['產業']]"
668,[['電影']]
669,"[['選舉'], ['美國'], ['美國', '總統', '大選'], ['川普']]"
67,"[['血汗', '勞工'], ['中國'], ['移工'], ['韓國'], ['書評'], ['朝鮮'], ['北韓']]"
670,"[['選舉'], ['2016', '總統', '大選']]"
671,"[['點歌', '時光'], ['戲劇']]"
672,"[['出版'], ['日本']]"
673,"[['新媒體', '充電站']]"
674,[['香港']]
675,"[['勞權'], ['社運'], ['韓國']]"
676,"[['轉型', '正義'], ['228']]"
677,"[['日本'], ['憲法'], ['美國']]"
678,"[['新媒體', '充電站']]"
679,"[['新媒體', '充電站']]"
68,"[['高雄'], ['教育'], ['閱讀']]"
680,"[['轉型', '正義'], ['歐洲']]"
681,"[['醫療'], ['新媒體', '充電站'], ['遊戲']]"
682,"[['環境'], ['歐洲'], ['cop21']]"
683,"[['柯文', '哲'], ['電影']]"
684,"[['時事'], ['司法']]"
685,"[['選舉'], ['2016', '總統', '大選']]"
686,"[['新媒體', '充電站'], ['遊戲']]"
687,[]
688,"[['難民'], ['ISIS'], ['緬甸'], ['翁山', '蘇姬']]"
689,"[['環境'], ['cop21']]"
69,"[['醫療'], ['安樂死'], ['德國'], ['宗教'], ['失智症']]"
690,"[['產業'], ['日本'], ['政治', '政策'], ['美國'], ['TPP']]"
691,"[['美國'], ['槍枝', '管制']]"
7,"[['勞權'], ['產業'], ['司法'], ['政治', '政策']]"
70,"[['醫療'], ['安樂死'], ['長', '照']]"
71,"[['選舉'], ['書評']]"
72,"[['白色恐怖'], ['轉型', '正義'], ['228']]"
73,"[['環境'], ['選舉'], ['教育'], ['能源'], ['政治', '政策'], ['公投']]"
74,"[['教育'], ['韓國'], ['書評'], ['育兒'], ['家庭']]"
75,[['書評']]
76,"[['體育'], ['選舉'], ['婚姻', '平權'], ['公投']]"
77,"[['醫療'], ['司法'], ['科學']]"
78,"[['紀錄片'], ['原住民'], ['教育']]"
79,"[['產業'], ['教育'], ['德國']]"
8,"[['同志', '家庭'], ['同性', '戀'], ['人權'], ['性別', '平權'], ['婚姻', '平權']]"
80,"[['同性', '戀'], ['選舉'], ['教育'], ['政治', '政策'], ['性別', '平權'], ['公投']]"
81,"[['性別', '平權'], ['書評']]"
82,"[['環境'], ['能源'], ['核電'], ['公投']]"
83,"[['環境'], ['能源'], ['核電'], ['公投']]"
84,"[['醫療'], ['書評']]"
85,[['書評']]
86,"[['醫療'], ['電影']]"
87,"[['日本'], ['敘利亞'], ['中東']]"
88,"[['環境'], ['產業'], ['書評']]"
89,"[['書評'], ['漁業']]"
9,"[['韓國'], ['性別', '平權'], ['書評'], ['育兒'], ['家庭']]"
90,"[['選舉'], ['美國'], ['川普']]"
91,"[['環境'], ['能源'], ['核電']]"
92,"[['醫療'], ['書評']]"
93,[['書評']]
94,"[['中國'], ['文化', '資產'], ['書評'], ['建築'], ['文學']]"
95,"[['歐洲'], ['外交'], ['政治', '政策'], ['非洲']]"
96,"[['醫療'], ['書評']]"
97,[['書評']]
98,"[['韓國'], ['書評']]"
99,"[['中國'], ['人權'], ['Tibet'], ['新疆'], ['Chinese', '-', 'English', ' ', 'stories']]"
